{"cameraMode":{"drawMode":0,"name":"Shaded","section":"Shading Mode"},"sceneLighting":true,"audioPlay":false,"sceneViewState":{"m_AlwaysRefresh":false,"showFog":true,"showSkybox":true,"showFlares":true,"showImageEffects":true,"showParticleSystems":true,"showVisualEffectGraphs":true,"m_FxEnabled":true},"in2DMode":false,"pivot":{"x":4.059065341949463,"y":1.1223158836364747,"z":5.23456335067749},"rotation":{"x":0.021903671324253084,"y":0.9775047898292542,"z":-0.16458667814731599,"w":0.13008390367031098},"size":1.7643672227859498,"orthographic":false}