{"cameraMode":{"drawMode":0,"name":"Shaded","section":"Shading Mode"},"sceneLighting":true,"audioPlay":false,"sceneViewState":{"m_AlwaysRefresh":false,"showFog":true,"showSkybox":true,"showFlares":true,"showImageEffects":true,"showParticleSystems":true,"showVisualEffectGraphs":true,"m_FxEnabled":true},"in2DMode":false,"pivot":{"x":3.9805026054382326,"y":11.466798782348633,"z":4.323789119720459},"rotation":{"x":0.03871741145849228,"y":0.8662473559379578,"z":-0.49346473813056948,"w":0.06796703487634659},"size":7.498777389526367,"orthographic":false}