{"cameraMode":{"drawMode":0,"name":"Shaded","section":"Shading Mode"},"sceneLighting":true,"audioPlay":false,"sceneViewState":{"m_AlwaysRefresh":false,"showFog":true,"showSkybox":true,"showFlares":true,"showImageEffects":true,"showParticleSystems":true,"showVisualEffectGraphs":true,"m_FxEnabled":true},"in2DMode":false,"pivot":{"x":16.96076202392578,"y":-1.7657804489135743,"z":14.458724975585938},"rotation":{"x":0.0061243679374456409,"y":0.7525581121444702,"z":-0.6584616303443909,"w":0.006999770179390907},"size":7.670019626617432,"orthographic":false}