{"cameraMode":{"drawMode":0,"name":"Shaded","section":"Shading Mode"},"sceneLighting":false,"audioPlay":false,"sceneViewState":{"m_AlwaysRefresh":false,"showFog":true,"showSkybox":false,"showFlares":true,"showImageEffects":true,"showParticleSystems":true,"showVisualEffectGraphs":true,"m_FxEnabled":true},"in2DMode":false,"pivot":{"x":-0.009531021118164063,"y":0.12453651428222656,"z":1.0201005935668946},"rotation":{"x":0.28760895133018496,"y":0.4245743751525879,"z":-0.14429110288619996,"w":0.8462854027748108},"size":10.011853218078614,"orthographic":false}