{"level":13,"playerPos":{"x":3.9805026054382326,"y":11.466798782348633,"z":4.323789119720459},"playerRot":{"x":0.0,"y":0.0,"z":0.0}}